<?xml version="1.0" encoding="utf-8"?>
<!DOCTYPE hibernate-configuration PUBLIC
        "-//Hibernate/Hibernate Configuration DTD 3.0//EN"
        "http://hibernate.sourceforge.net/hibernate-configuration-3.0.dtd">
<hibernate-configuration>
  <session-factory>
    <property name="connection.driver_class">com.mysql.cj.jdbc.Driver</property>
    <property name="connection.url">jdbc:mysql://localhost:3306/batalhanaval?useSSL=false&amp;serverTimezone=UTC</property>
    <property name="connection.username">root</property>
    <property name="connection.password">root</property>
    <property name="dialect">org.hibernate.dialect.MySQL8Dialect</property>
    <property name="show_sql">false</property>
    <property name="hbm2ddl.auto">update</property>
  </session-factory>
</hibernate-configuration>
